Eminem|b'Gov ball the grimy way w/ @WESTSIDEGUNN @WHOISCONWAY #shady #griselda @GovBallNYC Full gallery: \n\nPhotos: @jeremydeputat '
Eminem|b'Thanks to @phresher_dgygz for rockin\xe2\x80\x99 with us tonight at @govballnyc #selfie\xf0\x9f\x90\x90 '
Eminem|b'Dope shot by tyschu33! #EminemAugmented @GovBall - everything you need to know on the site  '
Eminem|"b'EM-SMMR18-USA-EUR | 2018 Tour Issue Camo Jacket | Available at @GovBallNYC + 2018 USA + EUR Live Dates '"
Eminem|b'Yo I need to tell you somethin\xe2\x80\x99 somethin\xe2\x80\x99 somethin\xe2\x80\x99\xe2\x80\xa6. @WS_BOOGIE  #SelfDestruction Song + Video + Cover Generator on the @ShadyRecords site. #selfie\xf0\x9f\x90\x90  '
Eminem|b'We\xe2\x80\x99ll walk this road together, through the storm\nWhatever weather, cold or warm\xe2\x80\xa6 THANK YOU @BOSTONCALLING!  Gallery on the site. \n\nPhotos: @jeremydeputat '
Eminem|b''
Eminem|b'Fight for your right to selfie #miked #selfie\xf0\x9f\x90\x90 '
Eminem|b'#EMINEMAUGMENTED - Download + Update available now: \n\nAR Visuals for US + Europe 2018 shows. Make sure to update your app to the latest version for Boston Calling. '
Eminem|b'Boston Paul\xe2\x80\x99ing @BostonCalling #selfie\xf0\x9f\x90\x90 '
Eminem|b'BOSTON I\xe2\x80\x99M COMING BACK!\xc2\xa0\xc2\xa0#TBT Up In Smoke Tour in Boston w/ @drdre @xzibit #BostonCalling '
Eminem|b'Really @mRpOrTeR7 @IPuntPuppies? '
Eminem|b'The psychopathic killer, the caterpillar  \xf0\x9f\x92\x80\xf0\x9f\x90\x9b@Royceda59 #BME #Caterpillar #BookOfRyan  '
Eminem|b'#CATERPILLAR 3PM ET TOMORROW @RoyceDa59 #BookOfRyan '
Eminem|b'In the studio with my new super talented friend Jessie. Selfie \xf0\x9f\x90\x90 '
Eminem|b'Desert gun show. Selfie\xf0\x9f\x90\x90 @50cent '
Eminem|b'Great getting to know y\xe2\x80\x99all these past couple weekends @coachella... who took my bandana? #COACH\xc6\x8eLLA GALLERY #2 \nPhotos: @jeremydeputat '
Eminem|b'In da club #COACH\xc6\x8eLLA '
Eminem|b'Celebrated my 10 years yesterday. '
Eminem|b'Selfizzel '
Eminem|b'#EMINEMAUGMENTED APP - AR Visuals for #COACH\xc6\x8eLLA and 2018 Live Dates - \n\xe2\x9c\x85Download the app\n\xe2\x9c\x85Go to an Eminem show\n\xe2\x9c\x85Read the \xe2\x80\x9chow to\xe2\x80\x9d in the app\n\xe2\x9c\x85Use the app during the set '
Eminem|b'Motown in the building. #selfie\xf0\x9f\x90\x90 '
Eminem|b'#COACH\xc6\x8eLLA HIT THE SITE FOR WEEKEND 1 GALLERY @50cent @drdre @SkylarGrey @BebeRexha  '
Eminem|b'Me, Al &amp; Denaun gettin ready for Coachella '
Eminem|b'.@COACHELLA STANS - CATCH US ACROSS FROM THE DO LAB STAGE #MOMSPAGHETTI + #STAN MERCH '
Eminem|b'Selfie '
Eminem|b'EMINEM AUGMENTED APP - AUGMENTED REALITY EXPERIENCES LAUNCHING AT COACHELLA\nAR EXPERIENCES FOR ALL SUMMER DATES + BONUS AT HOME LENSES\n '
Eminem|b'Snap back to reality... Get #EminemAugmented - Augmented Reality app for visual AR experiences during 2018 live shows STARTING THIS WEEKEND AT COACHELLA. Bonus AR you can do anywhere also.  '
Eminem|b''
Eminem|b'In the studio with Dre '
Eminem|b'Paul ANSWER UR FUCKING PHONE!!!!!!!!!!!!'
Eminem|b'Join me this weekend on my desert journey to a facking great time '
Eminem|b'Everyone thinks i dont write my own tweets but i wrote this one.'
Eminem|b'Busy rehearsing for Coachella '
Eminem|b'How come your shirt is so bloody?\n\n#FRAMED VIDEO OUT NOW -  '
Eminem|b'Freaky Tales - #FRAMED VIDEO TOMORROW NOON ET @VEVO + \n\nPhoto: @jeremydeputat '
Eminem|b'Return of the classic! @MajesticOnField Authentic @Tigers Home Jersey drops once again for opening day\xe2\x80\xa6 get first access. Extremely limited.  #DETROIT #REVIVAL  '
Eminem|b'I was fraaaaaaamed #REVIVAL '
Eminem|"b""Sometimes I don\xe2\x80\x99t know what this world has come to it's blowin\xe2\x80\x99 up and / this whole country is goin\xe2\x80\x99 nuts\xe2\x80\xa6\n\n#NOWHEREFAST (EXTENDED VERSION) FT. Kehlani  """
Eminem|b'#NOWHEREFAST (EXTENDED VERSION) FT. KEHLANI MIDNIGHT ET TONIGHT '
Eminem|b'You can\xe2\x80\x99t take Ed anywhere, man. The guy is just destructive!\n\n #RIVER BTS @EDSHEERAN  '
Eminem|b'#RIVER BEHIND THE SCENES @VEVO MIDNIGHT EST @EDSHEERAN\n\nPHOTO: @JEREMYDEPUTAT '
Eminem|b'\xe2\x80\x9cNow, hold up, let\xe2\x80\x99s make this official / Everybody let\xe2\x80\x99s agree that MC\xe2\x80\x99s need a tissue\xe2\x80\x9d \xe2\x80\xa6 indeed a sad day for losing such a groundbreaking MC #RIPCRAIGMACK '
Eminem|"b'#NOWHEREFAST Kehlani #IHEARTAWARDS\n""We are going to be too loud for them to ignore\xe2\x80\x9d - Alex Moscou\nIt was both an inspiration and an honor, Alex! '"
Eminem|b'#ItsYourFault @funkflex '
Eminem|b'We may never understand each other\xe2\x80\xa6\n\n#UNTOUCHABLE LYRIC VIDEO  \xe2\x80\xa6 '
Eminem|b'Felt like I needed to get this off my chest\xe2\x80\xa6\n\n#RIVER VIDEO FT. @edsheeran  '
Eminem|b'I\xe2\x80\x99ve been a liar, been a thief / Been a lover, been a cheat\n\n#RIVER Music Video ft. @EdSheeran\xe2\x80\x8b OUT NOW \n\n#UNHAPPYVDAY '
Eminem|b'Hi Suzanne / Bye Suzanne #River 10AM EST VDAY TOMORROW '
Eminem|b'Unhappy Valentine\xe2\x80\x99s day! #River Music Video ft. @edsheeran WEDNESDAY '
Eminem|b'2018 KICKED OFF W/ #CITISOUNDVAULT + @IrvingPlaza \n\nHit the Site:  \n\xe2\x9c\x852018 Schedule \n\xe2\x9c\x85Europe Tix On Sale Today\n\xe2\x9c\x85More Live Dates On The Way\n\nPhoto Credit: @jeremydeputat '
Eminem|b'EUROP\xe2\x88\x83 2018  '
Eminem|"b'""We\'re using it as a metaphor for everything that\'s happened to him over the course of his life."" - Director Rich Lee. Watch the full behind the scenes for the Water music video #REVIVAL  '"
Eminem|b'Still Aftermath! '
Eminem|b''
Eminem|"b""Thanks to those that weathered the cold &amp; snow for the Revival / Mom\xe2\x80\x99s Spaghetti Pop-Up at Saint Andrew's Hall last month. Check out what went down!  Video and photos on the site:  """
Eminem|b'Eminem X @Snapchat Lens GO GET IT  '
Eminem|b'CHLORASEPTIC REMIX @PHRESHER_DGYGZ @2CHAINZ #REVIVAL  '
Eminem|b'WIDE RELEASE: WALK ON WATER VIDEO - WATCH NOW:  '
Eminem|b'WALK ON WATER VIDEO PREMIERE @AppleMusic #REVIVAL  '
Eminem|b'Last week @Complex came to Detroit to discuss #Revival and to try and get inside my head a bit. Check out the cover story and piece on their site  '
Eminem|b'8 hours left to win the ONLY Jordan 4 Encore available plus other shoes from my personal collection on @stockx!  '
Eminem|b'Can\xe2\x80\x99t wait to share this '
Eminem|b'#Revival Collection Out Now!  \n\nPhotos by @jeremydeputat '
Eminem|b'Snapple fact:  Eminem threw out 69,000 pieces of paper during the writing of #Revival.  Here\xe2\x80\x99s the proof\xe2\x80\xa6 \n\n#Revival Out Now on @Spotify:  '
Eminem|"b'Check out my ""In Conversation"" with @vulture where I talked #Revival and more with @david_marchese '"
Eminem|b'Had to show @JLaPuma why I don\xe2\x80\x99t mess with some sneakers. Check it out @Complex Sneaker Shopping '
Eminem|b'Thank you for making it great @aliciakeys '
Eminem|b'Take your best rhyme / outdo it / now do it a thousand times #REVIVAL '
Eminem|b'Shady Fireside Chat live right now on @shade45 #Revival'
Eminem|"b""I walk on water\nBut I ain't no Jesus\nI walk on water\nBut only when it freezes\n#REVIVAL OUT NOW @AppleMusic  """
Eminem|b'#REVIVAL@Spotify  '
Eminem|b'New #Revival Collectables -  '
Eminem|b'#REVIVAL OUT NOW -  '
Eminem|b'#REVIVAL #EMINEM '
Eminem|b'Detroit!  Come vomit up some spaghetti with me this weekend at our official #Revival pop up.  Exclusive merch, spaghetti and more '
Eminem|b'Call 1-888-SHADE45 for a good time!\n \nJoin us tomorrow live for the Shady Fireside Chat at 5pm ET live on @Shade45.  Full details on the site. #REVIVAL  '
Eminem|b'Exclusive #Revival pre-order for Stans is now live on the site! These limited product bundles are only available this one time as part of the album rollout.  '
Eminem|b'NEW SONG + ALBUM PREORDER #UNTOUCHABLE #REVIVAL:  '
Eminem|b'12/15 '
Eminem|b'#REVIVAL DEC. 15 '
Eminem|b'\xe2\x80\x9cBitch, I wrote #Stan!\xe2\x80\x9d  Black on black available this weekend only!  '
Eminem|b'Stan Capsule - Volume 2: Black on Black for Black Friday. Sign up for first access to the new collection #iloveyouslim:  '
Eminem|b'SNL tomorrow with host @chancetherapper! '
Eminem|"b""It was a pleasure and an honor to kick off @Gladwell and Rick Rubin's Broken Record podcast """
Eminem|b''
Eminem|b''
Eminem|b'Tonight we celebrate the 15th Anniversary of #8Mile in Detroit... Tickets to the screening: .  @Carhartt anniversary collab coming soon.  Proceeds support the M. Mathers Foundation! '
Eminem|"b""It's worth the wait. Judgement time!  @Yelawolf's new album Trial By Fire is out now.  """
Eminem|"b'""The Storm"" (Freestyle) '"
Eminem|"b""You're going to want to tune into @BET tonight. #HipHopAwards 8pm ET """
Eminem|b'Teamed up with @stockx and few other well known folks to raise money for hurricane relief. Donate now:  '
Eminem|"b""In case some of you couldn't make it out... Here's some items from my UK run last month. No, I don't fuck with pants  """
Eminem|"b""Someone is going to get Bodied tonight at TIFF. Excited for the premiere of our flick with @JosephKahn, here's the poster! """
Eminem|b'Back to Detroit but I won\xe2\x80\x99t be forgetting the UK anytime soon. #mightactuallymovetoscotland #facktrump  '
Eminem|b'It\xe2\x80\x99s a wrap UK!  Thank you all that came out this weekend.  We hope to be back again soon. '
Eminem|b'Honored to play Reading &amp; Leeds this weekend.. thanks Reading. Can\xe2\x80\x99t wait for Leeds! '
Eminem|b'More photos from the kick off of our late-summer run of UK in Glasgow are on the site now!  '
Eminem|b'Thank you for having me yet again Glasgow! More pics tomorrow. '
Eminem|b'The first session I ever had with @drdre we made \xe2\x80\x9cMy Name Is\xe2\x80\x9d. Here\xe2\x80\x99s some studio footage from #TheDefiantOnes Ep. 4 '
Eminem|b'They said a lot of things!  #TheDefiantOnes\xe2\x80\xa6 Tune in tonight on HBO.\n\nLimited Defiant Merch Available Now:  '
Eminem|b'What do you get the guy that has everything?  Happy birthday @50cent. '
Eminem|"b""Let's help Proof's son @1NASAAN pull through and win by voting for him in the link below for the next 2 days. """
Eminem|b'Ignore the rules. #TheDefiantOnes '
Eminem|"b'Let\'s get down to ""Business""... #TheEminemShow Anniversary Capsule Is Here:  '"
Eminem|b'#TheEminemShow Anniversary Is Coming Soon:  '
Eminem|b'Join me in helping Manchester victims &amp; their families,  Make a donation to the @BritishRedCross and @MENnewsdesk '
Eminem|b'#SoBad featured in new trailer for @DespicableMe. In theaters this summer. Not so bad. '
Eminem|b'SOLD OUT!  Glasgow w/ @therealelp @KillerMike @xdannyxbrownx '
Eminem|b'Happy 3/13!  Stop by @Carhartt in Detroit on Cass today for some exclusive E13/ Carhartt product just released.'
Eminem|b'E13 Collection makes its official retail launch 3/13 exclusively at the @Carhartt store in Det! #MMF #PrideUnlimited  '
Eminem|"b'Just added another Europe show! A ""facking"" return to @gssfestival on Aug 24th..  '"
Eminem|b'Welcome to the family @WestsideGunn @WHOISCONWAY @GriseldaRecords #Shady #Griselda #Detroit #Buffalo '
Eminem|b'Back to the UK this August for Reading &amp; Leeds \xe2\x80\x9917!  Tickets:  '
Eminem|b'Count me in for the Detroit connection. Honored to be a part of #NoFavors with @BigSean from his new album:  '
Eminem|b'Until It All Falls Down, Have A Happy Holiday '
Eminem|b'We have a new collab with @Carhartt.  #E13 limited release available now!  '
Eminem|b'Limited #E13 Premiere w/ @Carhartt. Find out first:  '
Eminem|b'Black Friday: Eminem X @Carhartt:  '
Eminem|b'Put in a vote for @50cent real quick. '
Eminem|b'Michigan, go vote. '
Eminem|"b""Don't worry I'm working on an album! Here's something meanwhile. """
Eminem|b'Thanks to all for the birthday wishes!  Special shout to @llcoolj and @NICKIMINAJ.'
Eminem|b'You know I had to collab with the @Lions! Limited edition and available for a short time only:  #Detroit '
Eminem|b'We got @Yelawolf\xe2\x80\x99s new single #Daylight out now on @ShadyRecords! '
Eminem|b'#Daylight in the new @mag7movie trailer right now @ShadyRecords @Yelawolf '
Eminem|b'But wait until you see me swim.  '
Eminem|b'Ask and you shall receive! #ShadyWars got re-upped with a bunch of new tracks: \n'
Eminem|b'.@JamesFrancoTV &amp; @BryanCranston go Berzerk in the new trailer for #WhyHim?: '
Eminem|"b""Excited to link up with Detroit's @stockx! Read about the partnership and how to win a pair of Carhartt/Jordan 4's: """
Eminem|"b'""The first half of the verse was GONE. I re-recorded it but you should have heard the original take..."" '"
Eminem|b'Today is the #MMLP 16th anniversary! In 2013 we revisited my childhood home for the sequel and later had the opp... '
Eminem|b'19946 Dresden.. Stay tuned.. #MMLP  '
Eminem|b'Went on @Genius and dropped some more annotations! More coming soon.. Check them on the site: '
Eminem|b'Do yourself a favor and get @RoyceDa59\xe2\x80\x99s new album #Layers. Very proud of him for this project! '
Eminem|b'Hey @Royceda59 were you excited when I performed FACK in concert? #AskRoyce59'
Eminem|b'Very sad that we lost another legend today.  RIP, Phife Dawg.  His influence &amp; incredible delivery remain forever. '
Eminem|b'And we\xe2\x80\x99re out South America! @Lollapalooza photos from Brazil, Argentina and Chile up here:  '
Eminem|"b""Dust off that Sony Sports yellow walkman. It's in your closet. #SSLP Cassette Re-issue: \n"""
Eminem|b'Working on my set list for Lollapalooza, South America... '
Eminem|b'#SSLP Cassette re-issue coming soon  '
Eminem|"b""Still don't give a fuck.  16 years ago today #SSLP. \n"""
Eminem|b'Proud to support efforts of @AQUAhydrate in the million bottle water donation for people in Flint. More to come.'
Eminem|"b""Yo! Please RT this to send #Detroit's @AndreDrummondd to his first NBA All-Star game #NBAVote"""
Eminem|b'The first! Salute. #ShadyWars  '
Eminem|b'#ShadyWars  '
Eminem|b'Throwback &amp; new limited edition designs will be available starting at midnight tonight at  '
Eminem|b'#ShadyWars  '
Eminem|b'This charity fundraiser is the exclusive official public offering for the Eminem X Jordan X Carhartt sneakers: '
Eminem|"b""Support @MusicMSU's #LiteracyThroughSongwriting via the #MMF\xe2\x80\x99s charity auction live on @ebay now #Detroit: """
Eminem|b''
Eminem|b'Just knocked off Till Its Gone on #ShadyWars @yelawolf  '
Eminem|"b'\xe2\x80\x9cI\xe2\x80\x99m ready for war, got machetes and swords\xe2\x80\xa6"" #ShadyWars '"
Eminem|b'Gov ball the grimy way w/ @WESTSIDEGUNN @WHOISCONWAY #shady #griselda @GovBallNYC Full gallery: \n\nPhotos: @jeremydeputat '
Eminem|b'Thanks to @phresher_dgygz for rockin\xe2\x80\x99 with us tonight at @govballnyc #selfie\xf0\x9f\x90\x90 '
Eminem|b'Dope shot by tyschu33! #EminemAugmented @GovBall - everything you need to know on the site  '
Eminem|"b'EM-SMMR18-USA-EUR | 2018 Tour Issue Camo Jacket | Available at @GovBallNYC + 2018 USA + EUR Live Dates '"
Eminem|b'Yo I need to tell you somethin\xe2\x80\x99 somethin\xe2\x80\x99 somethin\xe2\x80\x99\xe2\x80\xa6. @WS_BOOGIE  #SelfDestruction Song + Video + Cover Generator on the @ShadyRecords site. #selfie\xf0\x9f\x90\x90  '
Eminem|b'We\xe2\x80\x99ll walk this road together, through the storm\nWhatever weather, cold or warm\xe2\x80\xa6 THANK YOU @BOSTONCALLING!  Gallery on the site. \n\nPhotos: @jeremydeputat '
Eminem|b''
Eminem|b'Fight for your right to selfie #miked #selfie\xf0\x9f\x90\x90 '
Eminem|b'#EMINEMAUGMENTED - Download + Update available now: \n\nAR Visuals for US + Europe 2018 shows. Make sure to update your app to the latest version for Boston Calling. '
Eminem|b'Boston Paul\xe2\x80\x99ing @BostonCalling #selfie\xf0\x9f\x90\x90 '
Eminem|b'BOSTON I\xe2\x80\x99M COMING BACK!\xc2\xa0\xc2\xa0#TBT Up In Smoke Tour in Boston w/ @drdre @xzibit #BostonCalling '
Eminem|b'Really @mRpOrTeR7 @IPuntPuppies? '
Eminem|b'The psychopathic killer, the caterpillar  \xf0\x9f\x92\x80\xf0\x9f\x90\x9b@Royceda59 #BME #Caterpillar #BookOfRyan  '
Eminem|b'#CATERPILLAR 3PM ET TOMORROW @RoyceDa59 #BookOfRyan '
Eminem|b'In the studio with my new super talented friend Jessie. Selfie \xf0\x9f\x90\x90 '
Eminem|b'Desert gun show. Selfie\xf0\x9f\x90\x90 @50cent '
Eminem|b'Great getting to know y\xe2\x80\x99all these past couple weekends @coachella... who took my bandana? #COACH\xc6\x8eLLA GALLERY #2 \nPhotos: @jeremydeputat '
Eminem|b'In da club #COACH\xc6\x8eLLA '
Eminem|b'Celebrated my 10 years yesterday. '
Eminem|b'Selfizzel '
Eminem|b'#EMINEMAUGMENTED APP - AR Visuals for #COACH\xc6\x8eLLA and 2018 Live Dates - \n\xe2\x9c\x85Download the app\n\xe2\x9c\x85Go to an Eminem show\n\xe2\x9c\x85Read the \xe2\x80\x9chow to\xe2\x80\x9d in the app\n\xe2\x9c\x85Use the app during the set '
Eminem|b'Motown in the building. #selfie\xf0\x9f\x90\x90 '
Eminem|b'#COACH\xc6\x8eLLA HIT THE SITE FOR WEEKEND 1 GALLERY @50cent @drdre @SkylarGrey @BebeRexha  '
Eminem|b'Me, Al &amp; Denaun gettin ready for Coachella '
Eminem|b'.@COACHELLA STANS - CATCH US ACROSS FROM THE DO LAB STAGE #MOMSPAGHETTI + #STAN MERCH '
Eminem|b'Selfie '
Eminem|b'EMINEM AUGMENTED APP - AUGMENTED REALITY EXPERIENCES LAUNCHING AT COACHELLA\nAR EXPERIENCES FOR ALL SUMMER DATES + BONUS AT HOME LENSES\n '
Eminem|b'Snap back to reality... Get #EminemAugmented - Augmented Reality app for visual AR experiences during 2018 live shows STARTING THIS WEEKEND AT COACHELLA. Bonus AR you can do anywhere also.  '
Eminem|b''
Eminem|b'In the studio with Dre '
Eminem|b'Paul ANSWER UR FUCKING PHONE!!!!!!!!!!!!'
Eminem|b'Join me this weekend on my desert journey to a facking great time '
Eminem|b'Everyone thinks i dont write my own tweets but i wrote this one.'
Eminem|b'Busy rehearsing for Coachella '
Eminem|b'How come your shirt is so bloody?\n\n#FRAMED VIDEO OUT NOW -  '
Eminem|b'Freaky Tales - #FRAMED VIDEO TOMORROW NOON ET @VEVO + \n\nPhoto: @jeremydeputat '
Eminem|b'Return of the classic! @MajesticOnField Authentic @Tigers Home Jersey drops once again for opening day\xe2\x80\xa6 get first access. Extremely limited.  #DETROIT #REVIVAL  '
Eminem|b'I was fraaaaaaamed #REVIVAL '
Eminem|"b""Sometimes I don\xe2\x80\x99t know what this world has come to it's blowin\xe2\x80\x99 up and / this whole country is goin\xe2\x80\x99 nuts\xe2\x80\xa6\n\n#NOWHEREFAST (EXTENDED VERSION) FT. Kehlani  """
Eminem|b'#NOWHEREFAST (EXTENDED VERSION) FT. KEHLANI MIDNIGHT ET TONIGHT '
Eminem|b'You can\xe2\x80\x99t take Ed anywhere, man. The guy is just destructive!\n\n #RIVER BTS @EDSHEERAN  '
Eminem|b'#RIVER BEHIND THE SCENES @VEVO MIDNIGHT EST @EDSHEERAN\n\nPHOTO: @JEREMYDEPUTAT '
Eminem|b'\xe2\x80\x9cNow, hold up, let\xe2\x80\x99s make this official / Everybody let\xe2\x80\x99s agree that MC\xe2\x80\x99s need a tissue\xe2\x80\x9d \xe2\x80\xa6 indeed a sad day for losing such a groundbreaking MC #RIPCRAIGMACK '
Eminem|"b'#NOWHEREFAST Kehlani #IHEARTAWARDS\n""We are going to be too loud for them to ignore\xe2\x80\x9d - Alex Moscou\nIt was both an inspiration and an honor, Alex! '"
Eminem|b'#ItsYourFault @funkflex '
Eminem|b'We may never understand each other\xe2\x80\xa6\n\n#UNTOUCHABLE LYRIC VIDEO  \xe2\x80\xa6 '
Eminem|b'Felt like I needed to get this off my chest\xe2\x80\xa6\n\n#RIVER VIDEO FT. @edsheeran  '
Eminem|b'I\xe2\x80\x99ve been a liar, been a thief / Been a lover, been a cheat\n\n#RIVER Music Video ft. @EdSheeran\xe2\x80\x8b OUT NOW \n\n#UNHAPPYVDAY '
Eminem|b'Hi Suzanne / Bye Suzanne #River 10AM EST VDAY TOMORROW '
Eminem|b'Unhappy Valentine\xe2\x80\x99s day! #River Music Video ft. @edsheeran WEDNESDAY '
Eminem|b'2018 KICKED OFF W/ #CITISOUNDVAULT + @IrvingPlaza \n\nHit the Site:  \n\xe2\x9c\x852018 Schedule \n\xe2\x9c\x85Europe Tix On Sale Today\n\xe2\x9c\x85More Live Dates On The Way\n\nPhoto Credit: @jeremydeputat '
Eminem|b'EUROP\xe2\x88\x83 2018  '
Eminem|"b'""We\'re using it as a metaphor for everything that\'s happened to him over the course of his life."" - Director Rich Lee. Watch the full behind the scenes for the Water music video #REVIVAL  '"
Eminem|b'Still Aftermath! '
Eminem|b''
Eminem|"b""Thanks to those that weathered the cold &amp; snow for the Revival / Mom\xe2\x80\x99s Spaghetti Pop-Up at Saint Andrew's Hall last month. Check out what went down!  Video and photos on the site:  """
Eminem|b'Eminem X @Snapchat Lens GO GET IT  '
Eminem|b'CHLORASEPTIC REMIX @PHRESHER_DGYGZ @2CHAINZ #REVIVAL  '
Eminem|b'WIDE RELEASE: WALK ON WATER VIDEO - WATCH NOW:  '
Eminem|b'WALK ON WATER VIDEO PREMIERE @AppleMusic #REVIVAL  '
Eminem|b'Last week @Complex came to Detroit to discuss #Revival and to try and get inside my head a bit. Check out the cover story and piece on their site  '
Eminem|b'8 hours left to win the ONLY Jordan 4 Encore available plus other shoes from my personal collection on @stockx!  '
Eminem|b'Can\xe2\x80\x99t wait to share this '
Eminem|b'#Revival Collection Out Now!  \n\nPhotos by @jeremydeputat '
Eminem|b'Snapple fact:  Eminem threw out 69,000 pieces of paper during the writing of #Revival.  Here\xe2\x80\x99s the proof\xe2\x80\xa6 \n\n#Revival Out Now on @Spotify:  '
Eminem|"b'Check out my ""In Conversation"" with @vulture where I talked #Revival and more with @david_marchese '"
Eminem|b'Had to show @JLaPuma why I don\xe2\x80\x99t mess with some sneakers. Check it out @Complex Sneaker Shopping '
Eminem|b'Thank you for making it great @aliciakeys '
Eminem|b'Take your best rhyme / outdo it / now do it a thousand times #REVIVAL '
Eminem|b'Shady Fireside Chat live right now on @shade45 #Revival'
Eminem|"b""I walk on water\nBut I ain't no Jesus\nI walk on water\nBut only when it freezes\n#REVIVAL OUT NOW @AppleMusic  """
Eminem|b'#REVIVAL@Spotify  '
Eminem|b'New #Revival Collectables -  '
Eminem|b'#REVIVAL OUT NOW -  '
Eminem|b'#REVIVAL #EMINEM '
Eminem|b'Detroit!  Come vomit up some spaghetti with me this weekend at our official #Revival pop up.  Exclusive merch, spaghetti and more '
Eminem|b'Call 1-888-SHADE45 for a good time!\n \nJoin us tomorrow live for the Shady Fireside Chat at 5pm ET live on @Shade45.  Full details on the site. #REVIVAL  '
Eminem|b'Exclusive #Revival pre-order for Stans is now live on the site! These limited product bundles are only available this one time as part of the album rollout.  '
Eminem|b'NEW SONG + ALBUM PREORDER #UNTOUCHABLE #REVIVAL:  '
Eminem|b'12/15 '
Eminem|b'#REVIVAL DEC. 15 '
Eminem|b'\xe2\x80\x9cBitch, I wrote #Stan!\xe2\x80\x9d  Black on black available this weekend only!  '
Eminem|b'Stan Capsule - Volume 2: Black on Black for Black Friday. Sign up for first access to the new collection #iloveyouslim:  '
Eminem|b'SNL tomorrow with host @chancetherapper! '
Eminem|"b""It was a pleasure and an honor to kick off @Gladwell and Rick Rubin's Broken Record podcast """
Eminem|b''
Eminem|b''
Eminem|b'Tonight we celebrate the 15th Anniversary of #8Mile in Detroit... Tickets to the screening: .  @Carhartt anniversary collab coming soon.  Proceeds support the M. Mathers Foundation! '
Eminem|"b""It's worth the wait. Judgement time!  @Yelawolf's new album Trial By Fire is out now.  """
Eminem|"b'""The Storm"" (Freestyle) '"
Eminem|"b""You're going to want to tune into @BET tonight. #HipHopAwards 8pm ET """
Eminem|b'Teamed up with @stockx and few other well known folks to raise money for hurricane relief. Donate now:  '
Eminem|"b""In case some of you couldn't make it out... Here's some items from my UK run last month. No, I don't fuck with pants  """
Eminem|"b""Someone is going to get Bodied tonight at TIFF. Excited for the premiere of our flick with @JosephKahn, here's the poster! """
Eminem|b'Back to Detroit but I won\xe2\x80\x99t be forgetting the UK anytime soon. #mightactuallymovetoscotland #facktrump  '
Eminem|b'It\xe2\x80\x99s a wrap UK!  Thank you all that came out this weekend.  We hope to be back again soon. '
Eminem|b'Honored to play Reading &amp; Leeds this weekend.. thanks Reading. Can\xe2\x80\x99t wait for Leeds! '
Eminem|b'More photos from the kick off of our late-summer run of UK in Glasgow are on the site now!  '
Eminem|b'Thank you for having me yet again Glasgow! More pics tomorrow. '
Eminem|b'The first session I ever had with @drdre we made \xe2\x80\x9cMy Name Is\xe2\x80\x9d. Here\xe2\x80\x99s some studio footage from #TheDefiantOnes Ep. 4 '
Eminem|b'They said a lot of things!  #TheDefiantOnes\xe2\x80\xa6 Tune in tonight on HBO.\n\nLimited Defiant Merch Available Now:  '
Eminem|b'What do you get the guy that has everything?  Happy birthday @50cent. '
Eminem|"b""Let's help Proof's son @1NASAAN pull through and win by voting for him in the link below for the next 2 days. """
Eminem|b'Ignore the rules. #TheDefiantOnes '
Eminem|"b'Let\'s get down to ""Business""... #TheEminemShow Anniversary Capsule Is Here:  '"
Eminem|b'#TheEminemShow Anniversary Is Coming Soon:  '
Eminem|b'Join me in helping Manchester victims &amp; their families,  Make a donation to the @BritishRedCross and @MENnewsdesk '
Eminem|b'#SoBad featured in new trailer for @DespicableMe. In theaters this summer. Not so bad. '
Eminem|b'SOLD OUT!  Glasgow w/ @therealelp @KillerMike @xdannyxbrownx '
Eminem|b'Happy 3/13!  Stop by @Carhartt in Detroit on Cass today for some exclusive E13/ Carhartt product just released.'
Eminem|b'E13 Collection makes its official retail launch 3/13 exclusively at the @Carhartt store in Det! #MMF #PrideUnlimited  '
Eminem|"b'Just added another Europe show! A ""facking"" return to @gssfestival on Aug 24th..  '"
Eminem|b'Welcome to the family @WestsideGunn @WHOISCONWAY @GriseldaRecords #Shady #Griselda #Detroit #Buffalo '
Eminem|b'Back to the UK this August for Reading &amp; Leeds \xe2\x80\x9917!  Tickets:  '
Eminem|b'Count me in for the Detroit connection. Honored to be a part of #NoFavors with @BigSean from his new album:  '
Eminem|b'Until It All Falls Down, Have A Happy Holiday '
Eminem|b'We have a new collab with @Carhartt.  #E13 limited release available now!  '
Eminem|b'Limited #E13 Premiere w/ @Carhartt. Find out first:  '
Eminem|b'Black Friday: Eminem X @Carhartt:  '
Eminem|b'Put in a vote for @50cent real quick. '
Eminem|b'Michigan, go vote. '
Eminem|"b""Don't worry I'm working on an album! Here's something meanwhile. """
Eminem|b'Thanks to all for the birthday wishes!  Special shout to @llcoolj and @NICKIMINAJ.'
Eminem|b'You know I had to collab with the @Lions! Limited edition and available for a short time only:  #Detroit '
Eminem|b'We got @Yelawolf\xe2\x80\x99s new single #Daylight out now on @ShadyRecords! '
Eminem|b'#Daylight in the new @mag7movie trailer right now @ShadyRecords @Yelawolf '
Eminem|b'But wait until you see me swim.  '
Eminem|b'Ask and you shall receive! #ShadyWars got re-upped with a bunch of new tracks: \n'
Eminem|b'.@JamesFrancoTV &amp; @BryanCranston go Berzerk in the new trailer for #WhyHim?: '
Eminem|"b""Excited to link up with Detroit's @stockx! Read about the partnership and how to win a pair of Carhartt/Jordan 4's: """
Eminem|"b'""The first half of the verse was GONE. I re-recorded it but you should have heard the original take..."" '"
Eminem|b'Today is the #MMLP 16th anniversary! In 2013 we revisited my childhood home for the sequel and later had the opp... '
Eminem|b'19946 Dresden.. Stay tuned.. #MMLP  '
Eminem|b'Went on @Genius and dropped some more annotations! More coming soon.. Check them on the site: '
Eminem|b'Do yourself a favor and get @RoyceDa59\xe2\x80\x99s new album #Layers. Very proud of him for this project! '
Eminem|b'Hey @Royceda59 were you excited when I performed FACK in concert? #AskRoyce59'
Eminem|b'Very sad that we lost another legend today.  RIP, Phife Dawg.  His influence &amp; incredible delivery remain forever. '
Eminem|b'And we\xe2\x80\x99re out South America! @Lollapalooza photos from Brazil, Argentina and Chile up here:  '
Eminem|"b""Dust off that Sony Sports yellow walkman. It's in your closet. #SSLP Cassette Re-issue: \n"""
Eminem|b'Working on my set list for Lollapalooza, South America... '
Eminem|b'#SSLP Cassette re-issue coming soon  '
Eminem|"b""Still don't give a fuck.  16 years ago today #SSLP. \n"""
Eminem|b'Proud to support efforts of @AQUAhydrate in the million bottle water donation for people in Flint. More to come.'
Eminem|"b""Yo! Please RT this to send #Detroit's @AndreDrummondd to his first NBA All-Star game #NBAVote"""
Eminem|b'The first! Salute. #ShadyWars  '
Eminem|b'#ShadyWars  '
Eminem|b'Throwback &amp; new limited edition designs will be available starting at midnight tonight at  '
Eminem|b'#ShadyWars  '
Eminem|b'This charity fundraiser is the exclusive official public offering for the Eminem X Jordan X Carhartt sneakers: '
Eminem|"b""Support @MusicMSU's #LiteracyThroughSongwriting via the #MMF\xe2\x80\x99s charity auction live on @ebay now #Detroit: """
Eminem|b''
Eminem|b'Just knocked off Till Its Gone on #ShadyWars @yelawolf  '
Eminem|"b'\xe2\x80\x9cI\xe2\x80\x99m ready for war, got machetes and swords\xe2\x80\xa6"" #ShadyWars '"
Eminem|b'Eminem X Jordan X Carhartt.\n\nDetails: \n\n@Jumpman23 @Carhartt '
Eminem|b'Went in the lab real quick, now @djwhookid has it reloaded '
Eminem|b'See how we made the #Phenomenal Music Film off the #Southpaw soundtrack: '
Eminem|b'And of course, our Soundtrack is available everywhere. Check it out on @AppleMusic here: '
Eminem|b'More on collab w/ #Southpaw to create the soundtrack. If you missed it, grab it on DVD:  - '
Eminem|b'You only get one shot, do not miss your chance... to be part of #TheLongestOop \n'
Eminem|b'Too good to pass up!  I had to do the remix for #thehills with @theweeknd '
Eminem|b'The wide premiere of the #Phenomenal Music Film is live for all now! '
Eminem|b'Honored to have @Marvel and @sinKEVitch re-interpret Relapse. Check it out: '
Eminem|b'Thanks to everyone who\xe2\x80\x99s helped our fundraiser for @dbgyouthprogram..a few lucky donators will get RT\xe2\x80\x99s from me. Help us spread the word!'
Eminem|b'The fundraiser gives fans the chance to win our collab autographed @TitleBoxing gloves + a handwritten letter from me '
Eminem|b'Proud to have the #MMF involved to help out one of my favorite #Detroit organizations @dbgyouthprogram!  More info: '
Eminem|"b""Without NWA there's no me. See the story! #StraightOuttaCompton in theaters tomorrow! """
Eminem|b'Also, do yourself a favor and check out #TheHangover from my friend and Detroit\xe2\x80\x99s own @realobietrice! '
Eminem|b'Big day for music today.  @DrDre did it again with #Compton! More than honored to play my part: '
Eminem|b'Learn more about the partnership and check out our newly unveiled look book here:  '
Eminem|b'Proud to announce @dbgyouthprogram as partners for our Official #Southpaw merch collab with @titleboxing.'
Eminem|b'The lyric video for #KingsNeverDie ft. @GwenStefani is here: '
Eminem|b'The final round of the #Southpaw Sessions with me Jake and @RealJoeLevy is live on @Youtube now: '
Eminem|b'#WontBackDown in the latest @HitmanAgent47 trailer '
Eminem|b'Alright back to the studio. Thanks for checking out our soundtrack &amp; make sure you go see #Southpaw in theaters today '
Eminem|b'.@ElyB16 Yes. Ken Kaniff is always in me. Pause.'
Eminem|b'.@ShadyLadyT My all time favorite is a toss up between Roy Jones Jr, Mike Tyson, Muhammad Ali, Sugar Ray Leonard and Mayweather #Southpaw'
Eminem|"b"".@ShadyLadyT Obviously Floyd Mayweather is the best at this moment. He's one of the greatest of all time."""
Eminem|b'.@SonsOfShady 12...I have beard envy #Southpaw'
Eminem|b'.@SHADY_HASTASI There were no stunt men involved...It was just cameras following me around filming a typical day in my life. #Southpaw'
Eminem|b'.@emadfan Absolutely!!! #Southpaw'
Eminem|b'.@i_love_eminem96 The director Antoine Fuqua actually put 50 in the movie. I think he killed it. #Southpaw'
Eminem|b'.@HipHopDX Lose Yourself was more of a theme for the film #Southpaw'
Eminem|b'.@HipHopDX Phenomenal is different from Lose Yourself. Its just grit and determination.'
Eminem|"b"".@IzDatWhiteGold I don't wanna answer that...of course I do. #Southpaw"""
Eminem|b'.@survxval We started working on the soundtrack back in like February I think. So, in like 4 months or so it all came together. #Southpaw'
Eminem|"b"".@SalernoSimo Maybe I am a semi-actor?  It's fun for a small parts but my real passion is music. So we'll see\xe2\x80\xa6 #Southpaw"""
Eminem|b'.@SalernoSimo Well I have done movies before... Only one I was a main character in but others where I did small parts.'
Eminem|"b"".@2squirtsofpiss Yes. My nose is already fucked up enough. I certainly didn't want to fuck it up anymore that it already is\xe2\x80\xa6 #Southpaw"""
Eminem|"b"".@nishant__thakur There wasn't like a long thought process, we just went off what felt right. #Southpaw"""
Eminem|b'.@nishant__thakur We reached out to friends and artists who we felt would fit in well with the album and film.'
Eminem|b'.@EminemJournal Suffering a major personal loss and having to fight back is probably the closest comparison.'
Eminem|"b"".@EminemJournal There's definitely parallels between me and Billy Hope in Southpaw."""
Eminem|b'Im here.. reading through the 90,000 questions now! #DearSlim #Southpaw'
Eminem|b'Round 2 of the #Southpaw Sessions w/ me @RealJoeLevy and Jake live now on @Youtube! '
Eminem|b'The #Southpaw soundtrack is available NOW. Proud to have had the chance to be a part of such an inspiring film. '
Eminem|b'The #Southpaw Sessions Round 1: Me and Jake with @RealJoeLevy at the @Youtube Space in NYC '
Eminem|b'I\xe2\x80\x99m back, I\xe2\x80\x99m back.. ask your questions NOW using #DearSlim..The 12 best &amp; Southpaw-related I\xe2\x80\x99ll answer tmrrw 1pm EST '
Eminem|b'About to hop on @Shade45 with @RealSway and @lordsear!'
Eminem|b'Final #Southpaw trailer: . Get #KingsNeverDie when you pre order the soundtrack now: '
Eminem|b'The #Southpaw Sessions.  Today on @Youtube.  Stay tuned.  '
Eminem|b'Me + Jake getting ready with Joe Levy for the #Southpaw sessions live tomorrow at the @Youtube Space in NYC. '
Eminem|b'Look who came to The D for a special #Southpaw screening. Preorder the soundtrack right here:  '
Eminem|b'Check out  '
Eminem|b'Next up.. @JoeBudden @CrookedIntriago @JoellOrtiz @Royceda59 go in on #RNS. Get it now when you pre-order #Southpaw '
Eminem|b'You can now watch the #Phenomenal Music Film on  courtesy of @AppleMusic: '
Eminem|b'Pre-order #Southpaw on @AppleMusic now and instantly access the next single Kings Never Die ft. @GwenStefani: '
Eminem|"b'Check out ""Kings Never Die"" in the latest #Southpaw spot. Soundtrack &amp; Film out July 24.  '"
Eminem|b'Here\xe2\x80\x99s a clip from the #Phenomenal Music Film: . Watch in full exclusively on @AppleMusic now: '
Eminem|b'Are you taking a fucking selfie? #Phenomenal Music Film Exclusively on @AppleMusic  '
Eminem|b'Exclusive Premiere: The #Phenomenal Music Film just debuted on the new @AppleMusic: '
Eminem|b' with @StephenAtHome '
Eminem|b'I was there, on Monroe public access television, with @StephenAtHome: '
Eminem|b'Live now with @ZaneLowe on @Beats1! \n'
Eminem|"b""The interview portion of @ZaneLowe's show starts at 1pm EST.  He's live on @Beats1 now """
Eminem|b'My interview with @ZaneLowe is airing on @Beats1 at 12pm EST! \n'
Eminem|b'Honored to be @ZaneLowe\xe2\x80\x99s first guest on @Beats1 tomorrow \n'
Eminem|b'.@AppleMusic you guys will get the first look.  #Phenomenal coming July 3rd '
Eminem|b'New trailer for #Southpaw featuring Phenomenal.. Pre-order the soundtrack on @AppleMusic now: . '
Eminem|b'Pre-order our #Southpaw Soundtrack on @iTunes now and look for it in stores July 24th: '
Eminem|b'Brand new lyric video for #Phenomenal out now, off the Southpaw Soundtrack '
Eminem|b'Watch @DreDre and Jimmy do their thing with @AppleMusic and @Beats1. Can\xe2\x80\x99t wait.'
Eminem|b'#Phenomenal, from the #Southpaw soundtrack just dropped on @iTunes '
Eminem|b'#Phenomenal @iTunes Midnight EST\n'
Eminem|b'Success is my only option, failure\xe2\x80\x99s not #Phenomenal @Money23Green @BeatsByDre '
Eminem|b'More of #Phenomenal via @BeatsByDre and a #Southpaw announcement on . New music coming soon! '
Eminem|"b""Who you think I\xe2\x80\x99m talkin' bout? Me and @Yelawolf\xe2\x80\x99s video for #BestFriend just dropped: """
Eminem|b'#LoveStory has arrived. Proud to have this special and unique album from @Yelawolf out on @ShadyRecords: '
Eminem|"b'All I really know how to do is rap.  Read more about the inspiration for ""Rap God"" on @genius: '"
Eminem|"b'""Slim Shady, Eminem was the old initials.""  Read how Slim Shady was born on ""Just Don\'t Give a Fuck"" on @genius: '"
Eminem|b'Proud to present @Yelawolf\xe2\x80\x99s forthcoming album #LoveStory.. listen to our cut Best Friend now: '
Eminem|b'My name is, what?? Check out my thoughts on the song that changed my life at @Genius:  cc: @drdre'
Eminem|b'4.21 @Yelawolf #LoveStory drops. Check out American You here: '
Eminem|b'After checking out @Genius, I had to go on and talk about some of MY tracks.. check them out now: '
Eminem|"b""Sneak peek of some new stuff I've been working on in the @SouthPawMovie trailer.  World premiere!\n"""
Eminem|b'#NotAfraid @ShadyRecords X @ComplexMag.  Tomorrow on  '
Eminem|b'Big week for Detroit music!  Grab albums from @BigSean  &amp; @kidrock  &amp; show my people some love.'
Eminem|"b""Can't wait for you to hear @yelawolf's Love Story. Its coming 4/21."""
Eminem|b'Proud of my co-conspirator @EmileHaynie, his album is out today!  Pick up a copy here: '
Eminem|b'#DetroitVsEverybody w/ @RoyceDa59, @BigSean, @xdannyxbrownx, @DejLoaf, and @TrickTrickGS: '
Eminem|b'Lose Your Elf This Holiday Season '
Eminem|"b'We caught up with @ComplexMag and revisited the making of ""Patiently Waiting"" with @50Cent #SHADYXV - '"
Eminem|b'Yo @Royceda59 @REALDJPREMIER @AdrianYounge you guys killed it! Everybody go get #PRHYME now: '
Eminem|b'The Official Remix:  #DetroitVsEverybody'
Eminem|b'Its finally time. The finale of @sonsofanarchy.  Starts now!'
Eminem|b'The dream continues\xe2\x80\xa6  . #SHADYXV out now: '
Eminem|b'Coming soon via @ComplexMag '
Eminem|b'Watch the Official Video for #GutsOverFear ft @Sia .  #SHADYXV is on iTunes now: '
Eminem|b'#SHADYXV is here! Get ready for 15 more years.  Get it on iTunes here: '
Eminem|b'#SHADYXV on iTunes at Midnight ET!'
Eminem|b'#GutsOverFeat ft @Sia . Video &amp; #SHADYXV out Nov 24: '
Eminem|b'I think I remember the demo version of #LoseYourself  '
Eminem|"b'Episode 2 of the #SHADYXV Quincea\xc3\xb1era series is here.  Watch ""Birthday Girl"": '"
Eminem|b'The full story behind Lose Yourself coming soon w/ @BeatsByDre .  #SHADYXV Pre-Order: '
Eminem|"b""Why won't my hood stay on my head???? #TheConcertForValor"""
Eminem|b''
Eminem|b'Hitting the stage soon at #TheConcertForValor... Tune into @HBO '
Eminem|b'#DETROITVSEVERYBODY @Royceda59 @BigSean @xdannyxbrownx @DeJLoaf @TRICKTRICKGS. Get it now w/ the preorder of #SHADYXV '
Eminem|b'The #CXVPHER is here. @CrookedIntriago, @JoeBudden, @JoellOrtiz, @Yelawolf, @Royceda59, @ItsBadMeetsEvil #SHADYXV: '
Eminem|"b""Show us your #civiliansalute honoring our nation's heroes  #TheConcertForValor """
Eminem|b'Honor Veterans &amp; watch me perform at #TheConcertForValor, a free event at the #NationalMall in Washington DC '
Eminem|"b""And when you're done, don't forget to check out the video!   #SHADYXV"""
Eminem|"b""Grab the new @Slaughterhouse track Y'all Ready Know when you pre-order #SHADYXV on @iTunes: """
Eminem|"b""Back to basics! Here's the cover for #SHADYXV out 11/24.  """
Eminem|b'BBQ all week until round 2 of #ACL '
Eminem|"b""Very proud to offer this collab hoodie w/ Detroit's own @Carhartt. All proceeds go to MMF. Read more &amp; grab one here """
Eminem|b'Lyric video for #GutsOverFear.  #SHADYXV Nov 24.  '
Eminem|b'Check out #GutsOverFear in the spot for #Mayhem: Mayweather vs. Maidana II, this Saturday at 8 ET, LIVE on PPV. '
Eminem|"b'$5.99 special on #MMLP2 RT: @iTunesMusic ""I\'m not a rapper, I\'m an adapter.""\n@Eminem\n'"
Eminem|b'Very special Limited Edition Detroit @Tigers collab with @MajesticOnField &amp; @NewEraCap available now online: '
Eminem|b'Looking forward to #TheEqualizer after watching the final trailer. #GutsOverFear is on iTunes \n'
Eminem|"b""Rick wasn't playin' with his #ALSIceBucketChallenge. Frank Ocean, Owen Wilson &amp; Vincent Gallo..he challenges you next """
Eminem|b'Full details for #SHADYXV! '
Eminem|b'#GutsOverFear ft @Sia is now available on iTunes\xe2\x80\xa6stay tuned for more info tomorrow. #SHADYXV  '
Eminem|"b""Yes it's official\xe2\x80\xa6 #SHADYXV Black Friday.\n"""
Eminem|"b""Blink and you'll miss it\xe2\x80\xa6 #VMAs #SHADYXV"""
Eminem|b'Incredible end to #TheMonsterTour with @Rihanna in Detroit.  Thank you all. #SHADYXV  '
Eminem|b'#ALSIceBucketChallenge complete @drdre. Youre up next @RickRubin. Thanks to @mRpOrTeR7 &amp; @Rihanna for joining already '
Eminem|b'Official Tigers X Eminem X Monster Tour New Era hats at the show tonight!  Not many so get them quick '
Eminem|b'#GutsOverFear.  iTunes Aug 25. '
Eminem|b'And now, batting for the Detroit Tigers... '
Eminem|b'.@drdre I accept your challenge, Andre'
Eminem|b'Check out a preview of #GutsOverFear from me and @Sia in the new spot for #TheEqualizer. Look for it on iTunes Aug 25 '
Eminem|b'Photos from LA up on  #TheMonsterTour '
Eminem|b'Final rehearsals for tour with @rihanna ..see you soon in Pasadena '
Eminem|b'Warm up for #themonstertour. Thank you @lollapalooza!  cc: @rihanna '
Eminem|b'New @TrickTrickGS single #TwerkDatPopThat featuring me and @royceda59 on iTunes: '
Eminem|b'Got back with @BustaRhymes and the song dropped today.. #CalmDown on iTunes here: '
Eminem|"b""Here's the trailer for #TheEqualizer starring Denzel Washington, with new music from me featuring @Sia """
Eminem|b'More Thursday. #Equalizer '
Eminem|"b""Grab @50cent's new album Animal Ambition, in stores now! and on iTunes: """
Eminem|b'On Monday, me &amp; @GShock_US are auctioning 5 limited edition watches to benefit @Focus_Hope in Detroit. Learn more at '
Eminem|b'My special guests at Wembley will include @fucktyler and Odd Future. But not @earlxsweat I guess. '
Eminem|"b""Thank you @spikelee for directing this video for me.  Happy Mother's Day.  """
Eminem|"b""Check out the preview for the @SpikeLee directed video for #Headlights coming on Mother's Day: """
Eminem|b'Second show added at Wembley Stadium! Tix at .  '
Eminem|b'#Headlights video coming this Sunday '
Eminem|b'Thank you to the one and only @ZaneLowe!  Stream the interview from @BBCR1 here: '
Eminem|b'Never mind the bollocks...see you soon London '
Eminem|"b""DO-SI-DO now.. I'm at both weekends of @aclfestival \xe2\x80\x93 Oct. 3-5 &amp; Oct. 10-12! Get your tickets today at """
Eminem|"b""Watch the full show, including my performance at the @BeatsMusic Live 90's Hip Hop Show right here: """
Eminem|"b'Texas - ""Square Dance"" with me! Announcement coming 4/22.  '"
Eminem|b'Me with the one and only @Rihanna at rehearsals for the MTV Movie Awards. Tune in tonight at 9/8c. '
Eminem|b'Its all about your #legacy at @wwe #wm30 tonight '
Eminem|"b'Spike came out to The D for the ""Headlights"" video... Coming soon. '"
Eminem|b'.@Rosenberg calls in this behind the scenes video for #TheMonster: '
Eminem|"b""Detroit home opener today...I'm ready. """
Eminem|"b""Detroit is sold out, but there's still tix for #TheMonsterTour available right now in NYC &amp; LA. Info at . Don't wait!"""
Eminem|b'Excited to be coming back to @lollapalooza this August!  More info available here: '
Eminem|b'Reminder to check here for full info on ticket availability this week and next:  #TheMonsterTour'
Eminem|b'.@AmericanExpress Card Members can get early access to #TheMonsterTour tix starting today here: '
Eminem|b'Early access to tickets for #TheMonsterTour available for those who RSVP here: '
Eminem|b'#TheMonsterTour in NYC/DET/LA with @Rihanna announced!  Full Ticket info is available here: '
Eminem|b'Elton told me about his foundation helping so many in S. Africa! Honored to be here, please follow @ejaf and RT to help.'
Eminem|b'NYC/DET/LA this August with @Rihanna! #TheMonsterTour - '
Eminem|b'Australia #Rapture2014 '
Eminem|b'Check out the Rap God playlist and more in the new @BeatsMusic app... #HitPlay:  '
Eminem|b'Check out more from the @ESPNMag #MusicIssue shoot:  '
Eminem|b'#MMLP2 Vinyl is here!  Get yours now: '
Eminem|b'Happy 49th B\xe2\x80\x99day to the late, great Jam Master Jay! Join me in supporting his foundation @  to support music education'
Eminem|b'#MMLP2 vinyl dropping tomorrow afternoon EST on .  Stay tuned for more details.'
Eminem|b'The @GShock_US watches are going quick!  Last call: '
Eminem|b'Tomorrow: '
Eminem|b'Happy Fuckin Holidays '
Eminem|b'Celebrate 30 years of @GShock_US w/ my Ltd. Ed. collab watch. Might have some available online..stay tuned next week '
Eminem|b'The full official music video for #TheMonster ft. @Rihanna is live!  Watch it here: '
Eminem|b'#TheMonster will also premiere simultaneously on @Vevo.  7:50pm EST.'
Eminem|"b""Broadcast premiere for #TheMonster video ft @rihanna on @ESPNNFL's Monday Night Countdown at 7:50pm EST. Right before the Detroit game!"""
Eminem|b'#TheMonster video is coming tomorrow.  Stay tuned for more details.'
Eminem|b'Get a preview of the video for #TheMonster ft. @rihanna.  Full video coming soon. '
Eminem|b'Coming soon. '
Eminem|b'The #ShadyVsEverybody Cold Weather Pack is here.  Go get it at ! '
Eminem|b'MMF is matching donations to @WolverineHS dollar for dollar. Thanks to all who have supported already!  #GivingTuesday'
Eminem|"b""Get info on @WolverineHS, details on Marshall Mather's Foundation support &amp; info on signed giveaways for donors here """
Eminem|"b""RT to #donate to Detroit's @WolverineHS. MMF is matching each donation dollar for dollar up to $100k! #WolverineMMF #GivingTuesday"""
Eminem|b'Final limited edition drop for the #RAPGOD series!  Available now in Black on Black for Black Friday.  24 hours only. '
Eminem|b'This will be the final drop for the limited edition #RAPGOD series!'
Eminem|b'#RAPGOD Black on Black For Black Friday. Available at Midnight for 24 hours only. '
Eminem|b'#RAPGOD Video Premiere!  Watch it now: '
Eminem|b'#Stan live for @BBCR1: '
Eminem|b'#RAPGOD video coming Nov 27: '
Eminem|b'You can now watch all of my sit down with @zanelowe + a live performance of #Berzerk: '
Eminem|b'Part 3 is here: '
Eminem|b'On set '
Eminem|b'My @RollingStone Cover hits stands Friday!  Get a preview here:  '
Eminem|b'Part 2 with @zanelowe!  '
Eminem|b'Ask and you shall receive...New limited #RapGod merch coming at 3pm EST '
Eminem|b'Watch the first of a four part interview with @zanelowe: '
Eminem|b'Four part interview with @zanelowe premieres on Monday at 9pm GMT: '
Eminem|"b""Well, here's where I'll be...tune in: """
Eminem|b'Still in Europe.  Where am I?'
Eminem|b'I love award. '
Eminem|b'school flunky, pill junky/but look at the accolades these skills brung me, full of myself, but still hungry #RapGod '
Eminem|b''
Eminem|"b""Did you complete this week's list of missions for #SlimsPickins yet? """
Eminem|"b""Ok I'm ready to start.  Start asking now! """
Eminem|"b'It will really be me on the Q&amp;A. I\'m posting a photo. ""Got friends on Facebook all over the world..."" 3PM EST on '"
Eminem|"b""Shady on the keyboard. I'm doing a Q&amp;A with you! At 3pm EST go to  &amp; enter your questions. I'll be answering some live"""
Eminem|"b""Honored to be on the alternate cover for @Marvel's Mighty Avengers #3 with Iron Man! In stores today. """
Eminem|b'Parts of the Town Hall Q&amp;A Session on @Shade45 can now be streamed right here: '
Eminem|b'My Town Hall Q&amp;A on @Shade45 airs today at Noon, 2pm and 8pm ET!'
Eminem|b'Welcome home... For the last time. #MMLP2 out now!  '
Eminem|b'Check out the new @ComplexMag Cover Story to kick off #EminemWeek: '
Eminem|b'The YTMAs are live now...tune in to catch my performance:  '
Eminem|"b""Here's a clip of Don't Front ft. Buckshot, the bonus track only available through this special offer with #CODGhosts: """
Eminem|b'#MMLP2 full album stream now on iTunes for the US! Pre-order available worldwide: '
Eminem|b'Going to take over the @YouTube twitter account at 3pm ET.'
Eminem|"b""Here's my SNL promo.  Don't laugh. """
Eminem|b'Limited edition tee for #TheMonster just in time for Halloween. Only 500 will be made. Get it now: '
Eminem|b'MMLP2 Pre-Order and #TheMonster featuring @Rihanna on iTunes now: '
Eminem|b'Listen to #TheMonster ft. @Rihanna, the new single from #MMLP2 - on iTunes at Midnight:  '
Eminem|b'#TheMonster featuring @Rihanna.  Premieres TODAY on @Shade45 at 4:45pm EST - on iTunes at Midnight.  '
Eminem|"b""Here's the front cover for the Deluxe version of #MMLP2: """
Eminem|b'Tracklisting for the Deluxe version of #MMLP2. Pre-order bundles available now on : '
Eminem|"b""I'm up for Artist of the Year at the @YouTube Music Awards.  Share and retweet this video to vote """
Eminem|b'Pre-order the game &amp; #MMLP2 together to get an exclusive bonus track: '
Eminem|"b'Check out the latest #CODGhosts gameplay trailer featuring ""Survival"": '"
Eminem|b'Thanks to @Hot97 and @Real_MisterCee!   '
Eminem|b'MMLP2 Pre-Order Bundles are now available on ! Includes multiple options with deluxe CD. iTunes pre-order coming soon.'
Eminem|b'#RapGod is now on iTunes: '
Eminem|b'Earlier than expected, #RAPGOD is here.  It will be available on iTunes Midnight ET tonight: '
Eminem|b'Find one of these golden pins and enter to win a trip to see me perform. More info here:  '
Eminem|b'The official tracklisting for #MMLP2 is here: '
Eminem|b'The official music video for Survival premieres now!  Watch it here:  #CODGhosts #MMLP2'
Eminem|b'The video for #Survival is coming tomorrow at 1pm ET, but for now you can finally get the song on iTunes! '
Eminem|b'Go behind the scenes of #Berzerk with Rick Rubin: '
Eminem|b'Watch all my videos all day and right now on @FuseTv.  Some big announcements for Fuse and Shady Films are coming too!'
Eminem|b'#MMLP2 RT: @bigbuckkilla66 '
Eminem|"b""Ok first guy didn't claim it.  So now @nikplacer wins because he's the first person to spell it right.  DM @ShadyRecords now!"""
Eminem|b'You spelled it wrong but ok you were first.  Follow @ShadyRecords and DM to get the prize.  RT: @bigbuckkilla66 @Eminem navara'
Eminem|b'No more guesses.  We have a winner...'
Eminem|"b""What street did me &amp; Mr. Porter live on together in Detroit when we were working as cooks at Gilbert's Lodge?  #MMLP2"""
Eminem|"b""Alright I'm gonna ask a trivia question...first person to get it right gets the #MMLP2 album art before anyone else"""
Eminem|b'Pre-order @CallofDuty: Ghosts and get a special price on #MMLP2 with an exclusive bonus track. Check it out: '
Eminem|b'The official music video for #Berzerk, directed by Syndrome, is here!  '
Eminem|b''
Eminem|b'Flip the channel to @espn RIGHT NOW!!  #BERZERK'
Eminem|"b""I'm gonna stop by the game to intro the video myself\xe2\x80\xa6I'll be live on @espn at halftime. #BERZERK"""
Eminem|"b""And don't forget to tune into the Michigan game at halftime on @espn to catch a sneak preview of the #Berzerk music video!"""
Eminem|b'Check out the lyric video for #Berzerk! '
Eminem|b'Tomorrow, catch a sneak peak of the music video for #Berzerk live during halftime of the Michigan-Notre Dame on @ESPN '
Eminem|b' #BERZERK'
Eminem|b'Download @Waze and start finding the #Berzerk pins, you will want to know where they all are very soon. '
Eminem|b'Back with Berzerk, the first single from #MMLP2 get it here: '
Eminem|b'At Midnight EST Berzerk hits iTunes - but you can stream the whole thing at  for now! #MMLP2'
Eminem|b' #MMLP2 '
Eminem|b' #MMLP2 '
Eminem|"b""Guess who's REALLY back? #VMAs """
Eminem|b''
Eminem|"b""You won't wanna miss the @CallofDuty #GhostsMP event at 10:30am PDT: """
Eminem|b'Great time in NYC for @GShock_US 30th Anniv. celebration- check out the Ltd. ed. collab '
Eminem|b'Getting ready for the @GShock_US 30th Anniv. celebration show! Ltd. ed. watch coming soon! #stw2013'
Eminem|"b""I executive produced my girl @SkylarGrey's album. It's called Don't Look Down and its great! Get it here: """
Eminem|b'My new track for @DJTONYTOUCH off of PieceMaker3 out 7/9: '
Eminem|"b""The Shady Records mobile app is out... Stans unite!  it's free.  """
Eminem|b'Shady Records collab with Burn Rubber for this limited tee to celebrate Season 1 of #DetroitRubber: '
Eminem|b'Season finale of Detroit Rubber Ep.6  Thanks all for your support on this project!  #detroitrubber'
Eminem|"b""Here's Detroit Rubber Ep. 5, time to pay it forward. """
Eminem|b'Thanks to @bigsean for hooking up with Detroit Rubber on Episode 3: '
Eminem|b'Episode 2 of Detroit Rubber is out!   #detroitrubber'
Eminem|b'Check out the 1st ep. of our new show Detroit Rubber here:   #detroitrubber'
Eminem|"b'Get @SkylarGrey ""C\'mon Let Me Ride"" feat. me here!: '"
Eminem|"b'Here\'s the video for ""My Life""  @50cent @adamlevine'"
Eminem|"b'Me, @50cent and @adamlevine ""My Life"" out now: '"
Eminem|b'Welcome home GO Tigers!  '
Eminem|b'Thanks for all the birthday wishes. '
Eminem|"b""Pre-order my friend Dr. Dre's artist @KendrickLamar now on @itunesmusic #GKMC  """
Eminem|"b'Find out who the mastermind is In the new @slaughterhouse video for ""Throw It Away"" '"
Eminem|b'Everybody meet the new @slaughterhouse mascot: @ChopsThePig welcome to: #OurHouse'
Eminem|b'Slaughterhouse - welcome to: #OurHouse is out now: . Win prizes from Slaughterhouse &amp; me here '
Eminem|b'Slaughterhouse has a new one with me on it.  '
Eminem|b'Catch @MikeTyson live on @shade45 this Saturday with @djwhookid #undisputedTRUTH on Broadway!!'
Eminem|b'Want to see me perform live in\xc2\xa0NYC\xc2\xa0tonight?\xc2\xa0First 50 people to tweet #gshock30th\xc2\xa0and follow @gshockeminem get a pair of passes!'
Eminem|"b""I'm in this Slaughterhouse clip, behind-the-scenes, in my new look. """
Eminem|"b""Here's my piece with Robin Leach:   #slaughterhouse"""
Eminem|b'I opened up my life a little bit to Robin Leach for his new show... you might wanna see this.'
Eminem|"b""Shady Records' own Slaughterhouse Feat. Ceelo Green #MyLife is available now @iTunesMusic """
Eminem|"b""B.o.B's Strange Clouds album is out now, and it's crazy.  """
Eminem|"b'Get the new @realobietrice album ""Bottoms Up"" out April 3rd,  pre-order it now  #bottomsup They call me Richard...'"
Eminem|b'Slaughterhouse tour hits MI next wk!  Next 50 to buy tix for Royal Oak or Grd. Rapids get a free pair of Pistons tix!  '
Eminem|"b""Thanks to everyone who came to Shady 2.0 SXSW or watched on Fuse.  Here's a recap of our event:  """
Eminem|"b""Watch the Fuse network tonight at Midnight EST @50cent performing the entire Get Rich Or Die Tryin' album!  #shadysxsw #shadyonfuse"""
Eminem|b'The Shady 2.0 SXSW showcase is live now at  #shadysxsw #shadyonfuse tune in for Slaughterhouse and MORE!'
Eminem|b' #shadysxsw'
Eminem|"b""Shady Records' group Slaughterhouse is having a live chat tonight at 9PM EST on  sign on and ask some questions!"""
Eminem|"b""Australia, I'm on the way.  Tickets still available for Sydney Dec. 4th show:\n"""
Eminem|"b""Ok @yelawolf I'm out! #radioactive"""
Eminem|b'Q10- If u could play #radioactive for any person in the world, who would it be?'
Eminem|b'Q9 @Yelawolf - R u going to the mall later?'
Eminem|b'Q8 @Yelawolf - Now they said to ask some stupid ones.  Batman or Superman?'
Eminem|b'Q7 @Yelawolf - Why did you call it #radioactive?'
Eminem|b'Q6 @Yelawolf - Who or what inspired you the most while recording #Radioactive?'
Eminem|b'Q5 @Yelawolf - Really? Why is that your favorite?'
Eminem|b'Q4 @Yelawolf - Sure did. What song from #Radioactive is your favorite?'
Eminem|b'Q3 @Yelawolf - ok white dawg.  So when did you start recording #Radioactive?'
Eminem|"b""Q2 @Yelawolf - U are a true fan.  How's it feel to finally have #radioactive out there?"""
Eminem|b'Q1 @Yelawolf - Where you at celebrating the release of #radioactive?'
Eminem|b'OK, here go my questions to @yelawolf.  Ready?  #radioactive'
Eminem|"b""I'll be asking @Yelawolf some questions here about #radioactive today at 4pm EST/1pm PST..."""
Eminem|b'#radioactive by @yelawolf is available NOW on @shadyrecords.  Buy it here: '
Eminem|b'Get followed by @ShadyRecords & @Yelawolf. Tweet ur Radioactive preorder & #Yelafollow. We\xe2\x80\x99ll follow u 4 ur support! '
Eminem|"b'Me, @Yelawolf & Gangsta Boo ""Throw it Up""  from #yelawolf #radioactive album out 11/21!'"
Eminem|"b'New @Yelawolf Feat. Kid Rock ""Let\'s Roll"" premiers today at 4 PM EST on Channel 955 in Detroit: '"
Eminem|b'Music has the power to heal. Get a limited edition Eminem T-shirt at  and help support @cityofhope.'
Eminem|b'NYC, get ready for the Shady Records Brisk Bodega tomorrow.  More info at www.briskbodega.com... come by and see the Shady History Hall.'
Eminem|"b'Check our @itsbadmeetsevil playlist of influential hip-hop videos and ""LIGHTERS"" video at www.youtube.com homepage.'"
Eminem|"b'""LIGHTERS"" video debuts today at 12pm NOON EST on www.vevo.com. @Royceda59 @BrunoMars @shadyrecords @itsbadmeetsevil'"
Eminem|"b""Check me out on @royceda59 's album #successiscertain in stores and online now.  """
Eminem|b'www.imgonnabeafriend.org #beafriend'
Eminem|"b""@BobMarley's @SavetheChildren E. Africa Appeal. RT, Download and Donate. Children urgently need your help. #beafriend http://bit.ly/nVt23n"""
Eminem|b'My fans have until midnight tonight to get $59 tickets to see me at Kanrocksas.  Go to   enter pw: recovery.'
Eminem|b'Kanrocksas special $59 single day tickets for my fans avail Weds. 12:01am-12:00pm only.  Click  enter pw: recovery'
Eminem|b'#Spacebound EXCLUSIVE WORLD PREMIERE VIDEO @iTunesMusic + #RECOVERY '
Eminem|"b""As a thank you for all the support, use code: BME062011 for 20% off on Bad Meets Evil T's etc. this wkd only. http://bit.ly/ieRRZ3"""
Eminem|"b'Finally: ""Spacebound"" video available at iTunes only starting tmrw at 5pm EST then www.vevo.com on Sunday night @Midnight PST. #spacebound'"
Eminem|b'On a clear night in June... #spacebound'
Eminem|"b""In case you missed it last week, here's the Complex Bad Meets Evil stories and cover.  """
Eminem|b'25 copies of the deluxe edition of Hell: The Sequel in U.S. stores were signed by me and @therealroyce59 '
Eminem|b'Watch me and @therealroyce59 talk about Hell: The Sequel and our limited edition Chucks. http://youtu.be/fD8jV_JmG_A'
Eminem|b'Complex made a great piece on the making of Hell: The Sequel check it out. http://bit.ly/itpzvm'
Eminem|b'We are live.  '
Eminem|b'Youtube is trying to fix the problem... please stand by.'
Eminem|b'Join me and Royce now at  for a Bad Meets Evil livestream!  Hell: The Sequel is in-stores now!'
Eminem|b'Buy BAD MEETS EVIL - HELL: THE SEQUEL EP now! '
Eminem|b'Me and Royce are on Hot97 tonight at midnight EST with Cipha Sounds and Peter Rosenberg.  Tune in or listen at www.hot97.com #hellthesequel'
Eminem|"b""Here's the shirt I was wearing at Bonnaroo that some of you have been askin me about. """
Eminem|b'The new Bad Meets Evil site is live with pre-order album/t-shirt bundles in the store:  '
Eminem|b'Me and @therealroyce59 live chat on release day for Bad Meets Evil 6/14 at 5pm EST.  #askbadmeetsevil #hellthesequel '
Eminem|"b'""FASTLANE"" video is up: http://www.badmeetsevil.net WATCH it NOW! #hellthesequel'"
Eminem|"b'Only 10 minutes until the ""FASTLANE"" video is up on www.vevo.com and www.badmeetsevil.net'"
Eminem|"b'Bad Meets Evil ""FASTLANE"" video premiers tomorrow at noon EST on www.vevo.com and www.badmeetsevil.net #hellthesequel in stores 6/14.'"
Eminem|b'Pre-order the Bad Meets Evil EP Hell: The Sequel today... http://tinyurl.com/BMEpre'
Eminem|"b""OK, it's working now.  http://www.badmeetsevil.net FASTLANE video teaser premier.  Sorry for the delay..."""
Eminem|"b""It's upl... http://www.badmeetsevil.net FASTLANE VIDEO Teaser."""
Eminem|b'RIP Gil Scott-Heron.  He influenced all of hip-hop.'
Eminem|b'Check out http://www.badmeetsevil.net at midnight EST for the premier of the FASTLANE video teaser.  #hellthesequel'
Eminem|"b'Go to http://www.badmeetsevil.net to hear another song off Hell: The Sequel ""I\'m On Everything"" feat. Mike Epps.  #hellthesequel  6/14!'"
Eminem|b'Track list for the Bad Meets Evil EP: http://tinyurl.com/bmetracklist In stores 6/14. #hellthesequel @therealroyce59 @itsbadmeetsevil'
Eminem|"b'""Fast Lane"" is available on iTunes now.  http://itunes.apple.com/us/album/fast-lane-single/id435624525 @TheRealRoyce59 @shadyrecords'"
Eminem|b'Hell: The Sequel'
Eminem|"b""At midnight I'm announcing the EP title."""
Eminem|b'Check out #songsforjapan on iTunes http://tw.itunes.com/hof proceeds go to the relief efforts in Japan.'
Eminem|b'Check out the outtakes from my Brisk spot.  http://www.youtube.com/watch?v=RjRClnEJUH4'
Eminem|b'Imported from Detroit... The Chrysler spot. http://www.youtube.com/watch?v=SKL254Y_jtc'
Eminem|b'In case you missed the Brisk spot: http://on.fb.me/emP90a'
Eminem|b'Me and Wayne are about to go IN on SNL tonight.'
Eminem|"b'""NO LOVE"" video with Lil Wayne debuts tonight!  7:56 PM EST on MTV and on Eminem.com immediately after at 8 PM EST.'"
Eminem|"b""@jeremypiven thanks dad... You were great in Old School. Now you're just old."""
Eminem|b'Just finished rehearsal. They opened up more seats for Detroit shows on sale tomorrow morn 10am!  See you there.'
Eminem|"b""Congrats to Fowl on taking first place in last night's Red Bull Emsee battle... I hope we can do this again sometime Thanks Detroit!"""
Eminem|b'Thanks to B.o.B and Keyshia Cole for a dope performance tonight. BET thanks for having me I had fun.'
Eminem|"b'Thank you again to Rihanna for ""Love the Way You Lie""... http://tinyurl.com/2bmtcqe'"
Eminem|b'2nd shows added in Detroit and NY... And we have pre-sale tickets and tees at http://www.eminem.com'
Eminem|b'We have new t-shirts, pre-sale concert tickets and the Recovery album now at http://www.eminem.com #recovery'
Eminem|b'RtthghfhyhyhfdyhjgjuheydhdtwyterghdhghGddghsdehjrurheryeHJfkwuhDhJee'
Eminem|b'Get #recovery on-line today http://tiny.cc/402rk #eminem'
Eminem|"b""Thanks to everyone for coming out to the Redbull EmSee battle. I appreciate all the love New York. Yes I'm really typing this."""
Eminem|b'RECOVERY TODAY.  Thank you to everybody who plans to or has already bought it.  #recovery #eminemrecovery'
Eminem|b'Oh yeah, and #recovery'
Eminem|"b'iTunes deluxe version of Recovery features ""Session One"" with Slaughterhouse produced by Just Blaze and ""Ridaz"" produced by Dr. Dre.'"
Eminem|b'First 50 fans in NYC that want to come TOMORROW night for my performance on LETTERMAN email: emonletterman@gmail.com Must be 25 yrs w/ID.'
Eminem|"b""I'm on The Soup tonight at 10pm on E!  Check it out."""
Eminem|b'Happy birthday 2Pac. We miss you.'
Eminem|b'We also have a 2 minute version for later this week.'
Eminem|b'Vince for EmWOW!  Check it out, uncensored.  http://www.eminem.com/blog/default.aspx?nid=26828'
Eminem|"b""Ok. Last 20 pairs of passes for tonight's Activision event will be at Undftd. in Santa Monica. Go now."""
Eminem|"b""It's true. RECOVERY goes on-sale Monday, 6/21 now. #recovery"""
Eminem|b'Silverlake Undftd. Passes are long gone.'
Eminem|"b""Ok... First 20 of you to Undftd. in Silverlake get a pair of passes to tonight's Activision gig at Staples Center. I'll be there. Go!"""
Eminem|"b""Last pair at Undftd. on LaBrea. I'll give away some more tomorrow."""
Eminem|b'Yes, I will be performing at the Activision event...'
Eminem|"b""First 20 of you to Undftd. on La Brea in Los Angeles get a pair of passes to tomorrow night's Activision event. Go now."""
Eminem|"b""People in the LA area should stay tuned here tomorrow afternoon... I'm giving away some tickets to Monday's Activision event."""
Eminem|"b'We got Wayne\'s verse filmed before he went away luckily.  Gotta shoot the rest of a ""No Love"" video real soon.  Keep your head up Weezy!'"
Eminem|b'You can pre-order Recovery on iTunes now.  Both a regular version and a deluxe version with bonus tracks.  #recovery'
Eminem|"b""Here's the back cover of Recovery... June 22nd.  #recovery http://twitpic.com/1v4crd"""
Eminem|b'NOT AFRAID video sneak peak is up on http://www.eminem.com #recovery'
Eminem|"b""For those 'patiently waiting', the NOT AFRAID video will premier Saturday 6/5.  Details later... #recovery"""
Eminem|b'See the Recovery album covers first at http://www.eminem.com #recovery'
Eminem|"b""I'm gonna reveal the album covers today for Recovery."""
Eminem|"b'The announcement is tomorrow.  It\'s gonna be a big ""hit.""'"
Eminem|"b""Check out 24/7 tonight on HBO  i have a feeling it's going to be a great episode..."""
Eminem|"b'I\'m going to bed.  I\'ll be on with Angie Yee at 10 a.m. EST on Shade45 to talk about ""Not Afraid"".  See you then...'"
Eminem|"b'I\'m ""Not Afraid""'"
Eminem|b'RECOVERY http://www.eminem.com'
Eminem|b'There is no Relapse 2.'
Eminem|"b""And don't worry.  Some big news is coming.  Soon."""
Eminem|b'http://twitpic.com/1bvqwi - To my fellow Kongers, peep the new high score.  Just imagine if I had more free time...'
Eminem|"b""Shows in Europe announced... Shady's back. http://www.eminem.com/blog/default.aspx?nid=24614"""
Eminem|b'Get your REFILL from me digital and direct now, with a hoodie or tee for the holidays.  http://www.eminem.com  The 8 Mile Elfs are busy!'
Eminem|"b""I'll sign your Shady Clause pic and send it to you, for real!  http://tinyurl.com/shadyclaus  Proceeds to the MM Foundation."""
Eminem|b'Refill is out today!'
Eminem|b'Come here little kiddies... on my lap.  http://www.eminem.com'
Eminem|b'Shady Claus is coming to town.'
Eminem|b'http://twitpic.com/rwj3t - I just want everyone to see my actual new high Donkey Kong score.  Wiebe beware!'
Eminem|"b""I'm going to Refill 12/21.  http://www.eminem.com"""
Eminem|"b""http://twitpic.com/mmuvr - Renegade Edition CD's came in today to the studio!"""
Eminem|"b""Rehearsals for Voodoo are going very well.  Don't miss us."""
Eminem|"b'Wow whoever made ""Die Already"" really does sound like me.  But it ain\'t.'"
Eminem|"b""And don't forget Funny People comes out Friday, I'm in a scene."""
Eminem|b'DJ Hero is doing pre-sales of the Renegade Edition of the game starting tomorrow... http://twitpic.com/c00lc'
Eminem|b'Somehow, they got me to appear in this movie... http://tinyurl.com/emfunnypeople'
Eminem|b'Somehow, they got me to appear in this movie... ttp://tinyurl.com/emfunnypeople'
Eminem|"b""That's right.  I'm appearing live at Voodoo Festival in New Orleans this Halloween weekend."""
Eminem|"b'http://twitpic.com/7lf6q - Ok... here is another photo from ""Beautiful"".  The old train station... that place is unreal.'"
Eminem|"b'http://twitpic.com/7lf34 - Ok, here is another photo from ""Neautiful"".  Yhe old train station... that place is unreal.'"
Eminem|"b'http://twitpic.com/7jo22 - We filmed the ""Beautiful"" video in The D last week,  Look for it soon.'"
Eminem|b'@obscurityaka Actually it was the silver Sharpie in the pic...'
Eminem|b'http://twitpic.com/6ngpd - I finished signing 1,000 album cover posters for Eminem.com yesterday.  Yep, all in 1 day.'
Eminem|b'Yes, before the game...'
Eminem|b'I taught Kimmel how to rap.  See tonight at 8 p.m. E.S.T. on ABC.'
Eminem|b'The pharmacy is open.  http://www.therelapse.com'
Eminem|"b""I left 40 passes for tonight's DJ Hero show at Undftd. on LaBrea in LA.  First come, first serve.  Cop some kicks while you are there. GO!"""
Eminem|"b""I'm not a DJ.  I just play one... http://bit.ly/mof4L"""
Eminem|"b""Wait just one minute- we have 20 more tix!  Head over to St. Andrew's Hall and get them from Ray, now!"""
Eminem|b'Sorry.  They are all gone.  This game is over... Thanks for playing.'
Eminem|"b""OK, this is the last one guys. 4 more tickets.  Do Ro is in front of the Fox Theater with them... give him a big kiss. See y'all tonight."""
Eminem|b'A man with a mohawk named Andrew is standing in front of  Comerica Park at the Tiger.  He has four tickets.'
Eminem|b'YEP, it is all ages.'
Eminem|b'Coney tix are gone.  BUT... there are 4 more tix at Channel 4 studios on Second & Lafayette.  Do Ro is at the Channel 4 van- NOW!'
Eminem|b'100 MORE TICKETS WILL BE AVAILABLE AT 5:00 P.M. E.S.T. AT RECORD TIME ON GRATIOT. FIRST COME, FIRST SERVED.  http://tinyurl.com/moreemtix'
Eminem|b'But stay tuned... I have another announcement at 4:30 E.S.T.'
Eminem|b'Everything besides Lafayette Coney has been found already.'
Eminem|b'Look for Do Ro at Lafayette Coney Island downtown... he has 4 tix.  NOW!'
Eminem|b'State Bar tix are long gone, guys...'
Eminem|"b'Hint for the next 4:  ""ONE UP!""'"
Eminem|b'4 more tix dropping soon.  Stand by for a hint.'
Eminem|b'Paul left the Pancake House a longgg time ago!'
Eminem|b'4 more tickets are in the Joe Louis fist monument on Jefferson.  Look between the thumb & index.'
Eminem|"b""Ok, Paul has a pair of tix at the Original Pancake House on Woodward and 14 Mile.  He's hungry, so come quick."""
Eminem|"b'Another pair at The State Bar at The Filmore (AKA State Theater) Downtown.  Find ""Do Ro""!'"
Eminem|b'All of these are in The D... Where the Relapse event is tonight.'
Eminem|b'There is another pair of tickets on the bottom of the mailbox at W. 4th and Lafayette in Royal Oak.  Across from Royal Oak Music Theater.'
Eminem|b'Look for Dennis at FYE on Woodward between 11 & !2 Mile Rd.  He has 2 tickets for you.  GO!'
Eminem|"b""2 tickets at Burn Rubber in Royal Oak, in the Air Max 95's.  GO!"""
Eminem|"b""http://twitpic.com/5hta2 - There's also a pair of tickets in this shoe at Mr. Alan's on 10 Mile & Southfield.  GO NOW!"""
Eminem|"b'I have some more tickets in The D... Street Corner Music @13 Mile & Southfield Rd.  First 10 people find ""Do Ro"".  GO NOW.'"
Eminem|"b""http://twitpic.com/5h5s7 - A world so dark, a world so cold...  The devil only knows.  It's Friday, the 19th."""
Eminem|b'First come, first serve status.  See you lucky ones at the Relapse MySpace Music event in The D.  http://tinyurl.com/eminemshow'
Eminem|b'Pre-order Relapse and other things here: http://t.opsp.in/1i8\nWho else is excited for me and Kimmel?'
Eminem|"b""I'm giving away an extra free song with my album if you buy the Relapse CD.  I'm still on the run, my darling."""
Eminem|b'They will never find.me... http://www.therelapse.com'
Eminem|b'http://twitpic.com/4j585 - Relapse iPhone game is coming along nicely...'
Eminem|"b""http://twitpic.com/4e4h3 - It's 3 a.m. and here I come so you should probably run."""
Eminem|"b""They didn't really think they could cure me, did they?  http://tinyurl.com/det-kill"""
Eminem|"b""I'll show them the worst kind.  It's 3 a.m."""
Eminem|"b""The kind that doesn't deny that they're an addict.  But doesn't care."""
Eminem|"b""Dr. Balzac says I'm an addict of the worst kind."""
Eminem|b'http://tinyurl.com/d48nro'
Eminem|"b""I'm with Angela Yee on Shade45 Thursday morning.  Listen carefully."""
Eminem|b'This is getting very real... http://tinyurl.com/cvvn9j'
Eminem|"b""There's no place to hide..."""
Eminem|b'There is no escaping...'
Eminem|b'They are still editing my video... still.'
Eminem|"b""It's 3 A.M. In the morning..."""
Eminem|"b""We're the ones that made you... Tuesday."""
Eminem|b'We Made You'
